{
  "timestamp": "2026-02-10T11:10:04.672161",
  "reference_samples": 31360,
  "current_samples": 6721,
  "threshold": 0.05,
  "features": {
    "MonsoonIntensity": {
      "ks_statistic": 0.011391135460284418,
      "p_value": 0.46576944439713197,
      "drift_detected": 